company|website
Amazon|https://www.amazon.jobs/content/en/job-categories/software-development
Meta|https://www.metacareers.com/jobs/
Google|https://careers.google.com/jobs/results/
Apple|https://jobs.apple.com/en-us/search
Netflix|https://jobs.netflix.com/search
Salesforce|https://salesforce.wd1.myworkdayjobs.com/External_Career_Site
Goldman Sachs|https://www.goldmansachs.com/careers/students-and-graduates/
Microsoft|https://careers.microsoft.com/us/en/search-results
Fidelity|https://jobs.fidelity.com/search-jobs
NVIDIA|https://nvidia.wd5.myworkdayjobs.com/NVIDIAExternalCareerSite
Adobe|https://careers.adobe.com/us/en/search-results
Cisco|https://jobs.cisco.com/jobs/SearchJobs/
Citrix|https://careers.citrix.com/search-jobs
Cloudera|https://www.cloudera.com/careers/open-positions.html
Credit Karma|https://www.creditkarma.com/careers
Deutsche Bank|https://db.com/careers/
Doordash|https://careers.doordash.com/open-roles/
FedEx|https://careers.fedex.com/fedex/jobs
LinkedIn|https://careers.linkedin.com/
Morgan Stanley|https://www.morganstanley.com/careers
Nutanix|https://www.nutanix.com/careers/open-positions
Oracle|https://careers.oracle.com/jobs/
Qualcomm|https://careers.qualcomm.com/careers/
Red Hat|https://www.redhat.com/en/jobs
Reddit|https://www.redditinc.com/careers
ServiceNow|https://careers.servicenow.com/careers/
Spotify|https://www.lifeatspotify.com/jobs
Visa|https://corporate.visa.com/en/careers/open-positions.html
VMware|https://careers.vmware.com/main/jobs
Walmart|https://careers.walmart.com/results
Airbnb|https://careers.airbnb.com/
American Express|https://careers.americanexpress.com/en/jobs/
Citadel|https://www.citadel.com/careers/open-positions/
Databricks|https://www.databricks.com/company/careers/open-positions
Figma|https://www.figma.com/careers/
Hudson River Trading|https://www.hudsonrivertrading.com/careers/
Jane Street|https://www.janestreet.com/join-jane-street/open-roles/
Palantir|https://www.palantir.com/careers/
Sentry|https://sentry.io/careers/
Stripe|https://stripe.com/jobs/search
Discover|https://jobs.discover.com/search/